particle_id,particle_type,process,vx,vy,vz,vt,px,py,pz,m,q
4503599644147712,13,0,0,0,0,0,3.9434731,5.7275486,-4.54748678,0.105658367,-1
