particle_id,particle_type,process,vx,vy,vz,vt,px,py,pz,m,q
4503599644147712,13,0,0,0,0,0,-4.82387209,2.23275447,1.02213538,0.105658367,-1
