particle_id,particle_type,process,vx,vy,vz,vt,px,py,pz,m,q
4503599644147712,13,0,0,0,0,0,-1.31100321,-5.27253532,1.05264914,0.105658367,-1
