particle_id,particle_type,process,vx,vy,vz,vt,px,py,pz,m,q
4503599644147712,13,0,0,0,0,0,4.47825813,-1.82801676,3.09591603,0.105658367,-1
