particle_id,particle_type,process,vx,vy,vz,vt,px,py,pz,m,q
4503599644147712,13,0,0,0,0,0,7.13768768,-3.39526725,2.26787162,0.105658367,-1
