particle_id,particle_type,process,vx,vy,vz,vt,px,py,pz,m,q
4503599644147712,13,0,0,0,0,0,1.82706678,0.875068724,0.514685214,0.105658367,-1
