particle_id,particle_type,process,vx,vy,vz,vt,px,py,pz,m,q
4503599644147712,13,0,-750.778748,703.009094,647.280945,4.06369925,-2.02138472,1.47034562,1.5690335,0.105658367,-1
