particle_id,particle_type,process,vx,vy,vz,vt,px,py,pz,m,q
4503599644147712,13,0,0,0,0,0,-2.37383509,-4.96575117,3.87460756,0.105658367,-1
