particle_id,particle_type,process,vx,vy,vz,vt,px,py,pz,m,q
4503599644147712,13,0,0,0,0,0,3.33230305,5.59340715,0.812225819,0.105658367,-1
