particle_id,particle_type,process,vx,vy,vz,vt,px,py,pz,m,q
4503599644147712,13,0,589.558655,-842.7995,205.103958,3.49936128,5.17135096,-6.8547287,1.711918,0.105658367,-1
