particle_id,particle_type,process,vx,vy,vz,vt,px,py,pz,m,q
4503599644147712,13,0,0,0,0,0,-2.56391811,-1.44202292,-3.64338541,0.105658367,-1
