particle_id,particle_type,process,vx,vy,vz,vt,px,py,pz,m,q
4503599644147712,13,0,-1011.29059,187.568253,-2055.47974,7.67327738,-2.26343966,0.106202729,-4.51429319,0.105658367,-1
