particle_id,particle_type,process,vx,vy,vz,vt,px,py,pz,m,q
4503599644147712,13,0,-812.9151,353.641022,-3001,10.5386448,-0.408105701,-0.112289533,-1.32531977,0.105658367,-1
