particle_id,particle_type,process,vx,vy,vz,vt,px,py,pz,m,q
4503599644147712,13,0,-1023.18707,104.779289,-45.6771584,3.47231793,-1.39100993,-0.167514384,-0.0617114343,0.105658367,-1
