particle_id,particle_type,process,vx,vy,vz,vt,px,py,pz,m,q
4503599644147712,13,0,0,0,0,0,6.33796215,-2.23842835,3.09265542,0.105658367,-1
