particle_id,particle_type,process,vx,vy,vz,vt,px,py,pz,m,q
4503599644147712,13,0,0,0,0,0,6.50110531,0.526905417,4.18547297,0.105658367,-1
