particle_id,particle_type,process,vx,vy,vz,vt,px,py,pz,m,q
4503599644147712,13,0,983.766296,300.157135,-1785.42542,6.87462759,4.54386663,1.70876098,-8.42126369,0.105658367,-1
