particle_id,particle_type,process,vx,vy,vz,vt,px,py,pz,m,q
4503599644147712,13,0,0,0,0,0,-3.76680613,1.90882099,-7.57924843,0.105658367,-1
