particle_id,particle_type,process,vx,vy,vz,vt,px,py,pz,m,q
4503599644147712,13,0,0,0,0,0,-1.82555974,-1.1970247,-1.33351398,0.105658367,-1
