particle_id,particle_type,process,vx,vy,vz,vt,px,py,pz,m,q
4503599644147712,13,0,0,0,0,0,-2.57606244,-2.40137744,0.681116104,0.105658367,-1
