particle_id,particle_type,process,vx,vy,vz,vt,px,py,pz,m,q
4503599644147712,13,0,678.459106,773.0354,-1782.12683,6.87247086,1.09748697,1.71792805,-3.51862597,0.105658367,-1
