particle_id,particle_type,process,vx,vy,vz,vt,px,py,pz,m,q
4503599644147712,13,0,0,0,0,0,1.19857752,1.74743581,-2.70466805,0.105658367,-1
