particle_id,particle_type,process,vx,vy,vz,vt,px,py,pz,m,q
4503599644147712,13,0,0,0,0,0,5.05362988,3.80964088,-4.05451393,0.105658367,-1
