particle_id,particle_type,process,vx,vy,vz,vt,px,py,pz,m,q
4503599644147712,13,0,0,0,0,0,8.60586452,-1.8430233,1.18160403,0.105658367,-1
