particle_id,particle_type,process,vx,vy,vz,vt,px,py,pz,m,q
4503599644147712,13,0,1009.56946,-196.621338,173.440201,3.48438072,3.74797463,-0.415805161,0.635180593,0.105658367,-1
