particle_id,particle_type,process,vx,vy,vz,vt,px,py,pz,m,q
4503599644147712,13,0,0,0,0,0,1.0728693,0.366491616,-2.05842304,0.105658367,-1
