particle_id,particle_type,process,vx,vy,vz,vt,px,py,pz,m,q
4503599644147712,13,0,-1026.95093,57.1165085,59.1610374,3.43765211,-7.99734688,0.135968491,0.459956199,0.105658367,-1
