particle_id,particle_type,process,vx,vy,vz,vt,px,py,pz,m,q
4503599644147712,13,0,0,0,0,0,3.63008332,-1.02112782,0.635180593,0.105658367,-1
