particle_id,particle_type,process,vx,vy,vz,vt,px,py,pz,m,q
4503599644147712,13,0,0,0,0,0,-1.21648204,6.57220078,-0.320148885,0.105658367,-1
