particle_id,particle_type,process,vx,vy,vz,vt,px,py,pz,m,q
4503599644147712,13,0,0,0,0,0,-6.54163456,1.44874692,-0.0478893332,0.105658367,-1
