particle_id,particle_type,process,vx,vy,vz,vt,px,py,pz,m,q
4503599644147712,13,0,0,0,0,0,-0.819914699,1.63914227,-0.936711609,0.105658367,-1
