particle_id,particle_type,process,vx,vy,vz,vt,px,py,pz,m,q
4503599644147712,13,0,0,0,0,0,0.646723926,2.77715206,1.51494622,0.105658367,-1
