particle_id,particle_type,process,vx,vy,vz,vt,px,py,pz,m,q
4503599644147712,13,0,0,0,0,0,4.83193827,-7.44783449,3.18009806,0.105658367,-1
