particle_id,particle_type,process,vx,vy,vz,vt,px,py,pz,m,q
4503599644147712,13,0,0,0,0,0,-1.80880105,0.262887955,0.10569337,0.105658367,-1
