particle_id,particle_type,process,vx,vy,vz,vt,px,py,pz,m,q
4503599644147712,13,0,-948.961731,396.688965,-1847.68506,7.0557909,-4.00465488,1.33983791,-7.57924843,0.105658367,-1
