particle_id,particle_type,process,vx,vy,vz,vt,px,py,pz,m,q
4503599644147712,13,0,945.338562,-405.247406,295.187469,3.57046413,7.38066816,-2.8284564,2.26787162,0.105658367,-1
