particle_id,particle_type,process,vx,vy,vz,vt,px,py,pz,m,q
4503599644147712,13,0,0,0,0,0,0.0722923428,3.0601263,-1.19449782,0.105658367,-1
