particle_id,particle_type,process,vx,vy,vz,vt,px,py,pz,m,q
4503599644147712,13,0,0,0,0,0,1.56098735,1.31113422,-3.51862597,0.105658367,-1
