particle_id,particle_type,process,vx,vy,vz,vt,px,py,pz,m,q
4503599644147712,13,0,0,0,0,0,-4.47339487,0.23373653,-5.12014246,0.105658367,-1
