particle_id,particle_type,process,vx,vy,vz,vt,px,py,pz,m,q
4503599644147712,13,0,-1028.39478,-17.1623898,-1176.56714,5.21520329,-4.46310425,-0.382873505,-5.12014246,0.105658367,-1
