particle_id,particle_type,process,vx,vy,vz,vt,px,py,pz,m,q
4503599644147712,13,0,1013.88702,172.984314,266.851135,3.56423807,1.80073082,0.62003535,0.4919388,0.105658367,-1
