particle_id,particle_type,process,vx,vy,vz,vt,px,py,pz,m,q
4503599644147712,13,0,0,0,0,0,-1.59987104,1.92050111,1.5690335,0.105658367,-1
