particle_id,particle_type,process,vx,vy,vz,vt,px,py,pz,m,q
4503599644147712,13,0,-542.479004,-873.846069,412.81546,3.70372128,-1.39605391,-2.83344364,1.26576018,0.105658367,-1
