particle_id,particle_type,process,vx,vy,vz,vt,px,py,pz,m,q
4503599644147712,13,0,-838.684875,-595.397461,-1276.25659,5.47287989,-2.20692682,-1.94488561,-3.64338541,0.105658367,-1
