particle_id,particle_type,process,vx,vy,vz,vt,px,py,pz,m,q
4503599644147712,13,0,-788.085083,-660.917786,-967.312439,4.71215868,-3.39983773,-3.25365973,-4.42257214,0.105658367,-1
