particle_id,particle_type,process,vx,vy,vz,vt,px,py,pz,m,q
4503599644147712,13,0,-395.792694,812.167114,3001,10.4703293,-0.661864758,0.73986721,3.2555871,0.105658367,-1
