particle_id,particle_type,process,vx,vy,vz,vt,px,py,pz,m,q
4503599644147712,13,0,-770.009766,681.891052,601.140747,3.97584963,-4.40786362,3.49155998,3.28488827,0.105658367,-1
