particle_id,particle_type,process,vx,vy,vz,vt,px,py,pz,m,q
4503599644147712,13,0,0,0,0,0,-1.32818592,0.445973158,-0.0617114343,0.105658367,-1
