particle_id,particle_type,process,vx,vy,vz,vt,px,py,pz,m,q
4503599644147712,13,0,0,0,0,0,6.18720388,2.84419179,2.50044203,0.105658367,-1
