particle_id,particle_type,process,vx,vy,vz,vt,px,py,pz,m,q
4503599644147712,13,0,0,0,0,0,4.72383642,1.1189096,-8.42126369,0.105658367,-1
