particle_id,particle_type,process,vx,vy,vz,vt,px,py,pz,m,q
4503599644147712,13,0,989.377319,-281.110199,1439.62769,5.90313053,5.4230423,-1.22028768,7.77634478,0.105658367,-1
