particle_id,particle_type,process,vx,vy,vz,vt,px,py,pz,m,q
4503599644147712,13,0,452.160278,923.81897,-1317.49841,5.58547449,0.644669533,2.0185442,-2.70466805,0.105658367,-1
