particle_id,particle_type,process,vx,vy,vz,vt,px,py,pz,m,q
4503599644147712,13,0,0,0,0,0,2.04924369,7.74698353,5.58137417,0.105658367,-1
