particle_id,particle_type,process,vx,vy,vz,vt,px,py,pz,m,q
4503599644147712,13,0,0,0,0,0,3.46376777,0.293815166,-5.70628071,0.105658367,-1
