particle_id,particle_type,process,vx,vy,vz,vt,px,py,pz,m,q
4503599644147712,13,0,0,0,0,0,2.6031394,0.271351427,-0.45115599,0.105658367,-1
