particle_id,particle_type,process,vx,vy,vz,vt,px,py,pz,m,q
4503599644147712,13,0,0,0,0,0,-5.92602968,-5.23481846,-2.63636971,0.105658367,-1
