particle_id,particle_type,process,vx,vy,vz,vt,px,py,pz,m,q
4503599644147712,13,0,589.426392,-842.892029,368.498627,3.64525771,5.33732367,-7.09442329,3.18009806,0.105658367,-1
