particle_id,particle_type,process,vx,vy,vz,vt,px,py,pz,m,q
4503599644147712,13,0,-836.024353,-599.127441,1795.94287,6.90622234,-2.78620744,-2.37605643,6.38629866,0.105658367,-1
