particle_id,particle_type,process,vx,vy,vz,vt,px,py,pz,m,q
4503599644147712,13,0,1027.48926,-46.435585,1751.75232,6.77771473,4.62590933,0.0996027812,7.87459326,0.105658367,-1
