particle_id,particle_type,process,vx,vy,vz,vt,px,py,pz,m,q
4503599644147712,13,0,-330.668823,-973.93457,-314.732819,3.60082173,-0.452793866,-2.29274464,-0.713045835,0.105658367,-1
