particle_id,particle_type,process,vx,vy,vz,vt,px,py,pz,m,q
4503599644147712,13,0,-743.710693,-710.482117,-343.023041,3.61771894,-5.50003529,-5.68073654,-2.63636971,0.105658367,-1
