particle_id,particle_type,process,vx,vy,vz,vt,px,py,pz,m,q
4503599644147712,13,0,56.6627235,-1026.97607,1355.83667,5.67799997,0.623984158,-5.71220732,7.57108498,0.105658367,-1
