particle_id,particle_type,process,vx,vy,vz,vt,px,py,pz,m,q
4503599644147712,13,0,123.584663,1021.0863,547.520386,3.89467573,0.0344959646,2.85125136,1.51494622,0.105658367,-1
