particle_id,particle_type,process,vx,vy,vz,vt,px,py,pz,m,q
4503599644147712,13,0,0,0,0,0,1.90444958,0.0121239666,0.4919388,0.105658367,-1
