particle_id,particle_type,process,vx,vy,vz,vt,px,py,pz,m,q
4503599644147712,13,0,0,0,0,0,-3.14543533,-1.87478876,6.38629866,0.105658367,-1
