particle_id,particle_type,process,vx,vy,vz,vt,px,py,pz,m,q
4503599644147712,13,0,846.199463,584.668213,-1891.24329,7.20936918,0.72231102,0.873860061,-2.05842304,0.105658367,-1
