particle_id,particle_type,process,vx,vy,vz,vt,px,py,pz,m,q
4503599644147712,13,0,0,0,0,0,2.79669356,3.96245193,-3.82988358,0.105658367,-1
