particle_id,particle_type,process,vx,vy,vz,vt,px,py,pz,m,q
4503599644147712,13,0,0,0,0,0,1.84540761,-1.95332956,-4.57709312,0.105658367,-1
