particle_id,particle_type,process,vx,vy,vz,vt,px,py,pz,m,q
4503599644147712,13,0,-956.892273,377.157196,197.890732,3.49631548,-5.05000973,1.65901637,1.02213538,0.105658367,-1
