particle_id,particle_type,process,vx,vy,vz,vt,px,py,pz,m,q
4503599644147712,13,0,-970.15625,-341.595276,-896.457214,4.561975,-2.01275134,-1.03560019,-1.96673548,0.105658367,-1
