particle_id,particle_type,process,vx,vy,vz,vt,px,py,pz,m,q
4503599644147712,13,0,868.285767,551.335022,600.318481,4.05787277,0.534401298,0.704585731,0.505301714,0.105658367,-1
