particle_id,particle_type,process,vx,vy,vz,vt,px,py,pz,m,q
4503599644147712,13,0,0,0,0,0,6.07177496,2.82674718,-1.39362359,0.105658367,-1
