particle_id,particle_type,process,vx,vy,vz,vt,px,py,pz,m,q
4503599644147712,13,0,568.425232,857.194946,1201.15869,5.27838135,1.7642597,3.21847463,4.28125238,0.105658367,-1
