particle_id,particle_type,process,vx,vy,vz,vt,px,py,pz,m,q
4503599644147712,13,0,-608.332764,829.350159,-528.188049,3.87646461,-1.31718051,1.27439523,-0.936711609,0.105658367,-1
