particle_id,particle_type,process,vx,vy,vz,vt,px,py,pz,m,q
4503599644147712,13,0,787.100586,662.089966,-432.70047,3.74445343,1.12026858,1.34527433,-0.73264581,0.105658367,-1
