particle_id,particle_type,process,vx,vy,vz,vt,px,py,pz,m,q
4503599644147712,13,0,787.463745,-661.657959,-1755.77283,6.79271746,2.24212766,-1.48117816,-4.57709312,0.105658367,-1
