particle_id,particle_type,process,vx,vy,vz,vt,px,py,pz,m,q
4503599644147712,13,0,992.309753,-270.576904,-322.924164,3.59934998,4.45994186,-0.896504045,-1.42717659,0.105658367,-1
