particle_id,particle_type,process,vx,vy,vz,vt,px,py,pz,m,q
4503599644147712,13,0,-688.052917,-764.508728,199.1772,3.50040674,-2.11767459,-2.8139236,0.681116104,0.105658367,-1
