particle_id,particle_type,process,vx,vy,vz,vt,px,py,pz,m,q
4503599644147712,13,0,0,0,0,0,4.11377621,5.42838764,-4.15414572,0.105658367,-1
