particle_id,particle_type,process,vx,vy,vz,vt,px,py,pz,m,q
4503599644147712,13,0,583.473267,847.023865,-627.531921,4.02033329,3.60591364,5.77822924,-4.15414572,0.105658367,-1
