particle_id,particle_type,process,vx,vy,vz,vt,px,py,pz,m,q
4503599644147712,13,0,754.890808,-698.591675,865.589417,4.4923811,2.11369443,-1.5359329,2.19374776,0.105658367,-1
