particle_id,particle_type,process,vx,vy,vz,vt,px,py,pz,m,q
4503599644147712,13,0,-876.56012,-538.082275,17.085186,3.4324913,-6.54812288,-4.38141823,0.130841628,0.105658367,-1
