particle_id,particle_type,process,vx,vy,vz,vt,px,py,pz,m,q
4503599644147712,13,0,1012.09204,-183.194122,784.789551,4.31652069,7.42692947,-1.03095591,5.7195797,0.105658367,-1
