particle_id,particle_type,process,vx,vy,vz,vt,px,py,pz,m,q
4503599644147712,13,0,224.568069,1003.7229,716.555725,4.18227291,1.44742656,7.88163137,5.58137417,0.105658367,-1
