particle_id,particle_type,process,vx,vy,vz,vt,px,py,pz,m,q
4503599644147712,13,0,0,0,0,0,-4.2364707,1.645841,1.48235357,0.105658367,-1
