particle_id,particle_type,process,vx,vy,vz,vt,px,py,pz,m,q
4503599644147712,13,0,-579.54187,849.718567,-897.002747,4.583498,-0.993536174,0.909474492,-1.16427243,0.105658367,-1
