particle_id,particle_type,process,vx,vy,vz,vt,px,py,pz,m,q
4503599644147712,13,0,0,0,0,0,-2.79193473,-1.6119355,-2.13640141,0.105658367,-1
