particle_id,particle_type,process,vx,vy,vz,vt,px,py,pz,m,q
4503599644147712,13,0,0,0,0,0,-1.25439346,4.81704903,7.27414465,0.105658367,-1
