particle_id,particle_type,process,vx,vy,vz,vt,px,py,pz,m,q
4503599644147712,13,0,984.521179,-297.671783,473.40152,3.77827263,6.51644182,-1.64812422,3.09265542,0.105658367,-1
