particle_id,particle_type,process,vx,vy,vz,vt,px,py,pz,m,q
4503599644147712,13,0,453.678528,923.074341,-1743.27686,6.7624917,0.534276903,1.78612137,-3.14532685,0.105658367,-1
