particle_id,particle_type,process,vx,vy,vz,vt,px,py,pz,m,q
4503599644147712,13,0,0,0,0,0,-0.884870887,6.95072699,3.27024722,0.105658367,-1
