particle_id,particle_type,process,vx,vy,vz,vt,px,py,pz,m,q
4503599644147712,13,0,0,0,0,0,4.59806681,-0.516464293,7.87459326,0.105658367,-1
