particle_id,particle_type,process,vx,vy,vz,vt,px,py,pz,m,q
4503599644147712,13,0,0,0,0,0,-6.73935652,-6.9656806,1.64550722,0.105658367,-1
