particle_id,particle_type,process,vx,vy,vz,vt,px,py,pz,m,q
4503599644147712,13,0,790.171814,658.421448,-659.198303,4.07653809,4.65885019,4.28341579,-4.05451393,0.105658367,-1
