particle_id,particle_type,process,vx,vy,vz,vt,px,py,pz,m,q
4503599644147712,13,0,-674.345947,-776.626038,92.2848282,3.46591616,-0.972164392,-1.58991945,0.166439831,0.105658367,-1
