particle_id,particle_type,process,vx,vy,vz,vt,px,py,pz,m,q
4503599644147712,13,0,351.615356,966.569763,-1472.36694,5.99251556,1.47570431,4.95859671,-7.40158987,0.105658367,-1
