particle_id,particle_type,process,vx,vy,vz,vt,px,py,pz,m,q
4503599644147712,13,0,0,0,0,0,-1.43781769,-1.18559182,0.166439831,0.105658367,-1
