particle_id,particle_type,process,vx,vy,vz,vt,px,py,pz,m,q
4503599644147712,13,0,1013.10651,177.49852,-1690.5929,6.60403061,3.35734224,0.901258528,-5.70628071,0.105658367,-1
