particle_id,particle_type,process,vx,vy,vz,vt,px,py,pz,m,q
4503599644147712,13,0,544.650818,-872.49408,324.393127,3.59843183,4.67980528,-6.9144392,2.63269305,0.105658367,-1
