particle_id,particle_type,process,vx,vy,vz,vt,px,py,pz,m,q
4503599644147712,13,0,0,0,0,0,0.679977715,4.57996655,4.80682802,0.105658367,-1
