particle_id,particle_type,process,vx,vy,vz,vt,px,py,pz,m,q
4503599644147712,13,0,-191.137863,-1010.62195,199.384476,3.49715018,-0.705049574,-5.38713837,1.05264914,0.105658367,-1
