particle_id,particle_type,process,vx,vy,vz,vt,px,py,pz,m,q
4503599644147712,13,0,0,0,0,0,4.01159763,-6.99662352,-5.6176796,0.105658367,-1
