particle_id,particle_type,process,vx,vy,vz,vt,px,py,pz,m,q
4503599644147712,13,0,-931.098816,-436.972961,204.609634,3.49915981,-7.19851446,-3.71894312,1.61144471,0.105658367,-1
