particle_id,particle_type,process,vx,vy,vz,vt,px,py,pz,m,q
4503599644147712,13,0,0,0,0,0,1.19188356,-0.987774253,-0.0443892814,0.105658367,-1
