particle_id,particle_type,process,vx,vy,vz,vt,px,py,pz,m,q
4503599644147712,13,0,-931.734802,-435.615173,39.7180519,3.43424463,-8.26701927,-4.20547438,0.358105987,0.105658367,-1
