particle_id,particle_type,process,vx,vy,vz,vt,px,py,pz,m,q
4503599644147712,13,0,0,0,0,0,3.82818317,-2.82452655,1.88757622,0.105658367,-1
