particle_id,particle_type,process,vx,vy,vz,vt,px,py,pz,m,q
4503599644147712,13,0,0,0,0,0,4.77526188,1.3849417,-3.24985528,0.105658367,-1
