particle_id,particle_type,process,vx,vy,vz,vt,px,py,pz,m,q
4503599644147712,13,0,0,0,0,0,2.1948421,3.88291359,2.63414264,0.105658367,-1
