particle_id,particle_type,process,vx,vy,vz,vt,px,py,pz,m,q
4503599644147712,13,0,0,0,0,0,5.25449276,-1.81350338,7.77634478,0.105658367,-1
