particle_id,particle_type,process,vx,vy,vz,vt,px,py,pz,m,q
4503599644147712,13,0,-35.3180466,-1027.9314,11.9285192,3.4318645,-0.0207882095,-9.58479881,0.111141257,0.105658367,-1
