particle_id,particle_type,process,vx,vy,vz,vt,px,py,pz,m,q
4503599644147712,13,0,0,0,0,0,4.15667105,-7.24100351,2.63269305,0.105658367,-1
