particle_id,particle_type,process,vx,vy,vz,vt,px,py,pz,m,q
4503599644147712,13,0,-981.790527,306.557922,335.720428,3.61235952,-4.42027807,1.05717421,1.48235357,0.105658367,-1
