particle_id,particle_type,process,vx,vy,vz,vt,px,py,pz,m,q
4503599644147712,13,0,0,0,0,0,-2.15097642,0.712557316,-4.51429319,0.105658367,-1
