particle_id,particle_type,process,vx,vy,vz,vt,px,py,pz,m,q
4503599644147712,13,0,-390.91922,-951.353027,724.43396,4.19839668,-1.80341804,-5.20014048,3.87460756,0.105658367,-1
