particle_id,particle_type,process,vx,vy,vz,vt,px,py,pz,m,q
4503599644147712,13,0,0,0,0,0,-1.40089083,0.326389074,-1.78063381,0.105658367,-1
