particle_id,particle_type,process,vx,vy,vz,vt,px,py,pz,m,q
4503599644147712,13,0,1015.47003,-163.435394,-127.246246,3.45777249,9.57500553,-1.22873867,-1.19408894,0.105658367,-1
