particle_id,particle_type,process,vx,vy,vz,vt,px,py,pz,m,q
4503599644147712,13,0,906.788513,-485.412201,-29.6923084,3.46338892,1.48292935,-0.444077551,-0.0443892814,0.105658367,-1
