particle_id,particle_type,process,vx,vy,vz,vt,px,py,pz,m,q
4503599644147712,13,0,865.481018,-555.727478,408.374817,3.69439006,4.16138887,-2.30559707,1.88757622,0.105658367,-1
