particle_id,particle_type,process,vx,vy,vz,vt,px,py,pz,m,q
4503599644147712,13,0,984.391724,298.099579,293.007385,3.56851745,7.30209446,2.53344131,2.20126128,0.105658367,-1
