particle_id,particle_type,process,vx,vy,vz,vt,px,py,pz,m,q
4503599644147712,13,0,0,0,0,0,-3.99901223,3.95324612,3.28488827,0.105658367,-1
