particle_id,particle_type,process,vx,vy,vz,vt,px,py,pz,m,q
4503599644147712,13,0,0,0,0,0,-0.174901649,0.977178574,3.2555871,0.105658367,-1
