particle_id,particle_type,process,vx,vy,vz,vt,px,py,pz,m,q
4503599644147712,13,0,-864.230347,557.670532,606.529724,3.98963022,-2.74461722,1.40407538,1.81495643,0.105658367,-1
