particle_id,particle_type,process,vx,vy,vz,vt,px,py,pz,m,q
4503599644147712,13,0,545.138611,872.189392,-672.837158,4.1009922,3.4205215,6.05440569,-4.54748678,0.105658367,-1
