particle_id,particle_type,process,vx,vy,vz,vt,px,py,pz,m,q
4503599644147712,13,0,0,0,0,0,-0.484057754,1.25695908,-1.16427243,0.105658367,-1
