particle_id,particle_type,process,vx,vy,vz,vt,px,py,pz,m,q
4503599644147712,13,0,-174.665405,1013.59875,480.197479,3.78768516,-1.49260938,6.84600067,3.27024722,0.105658367,-1
