particle_id,particle_type,process,vx,vy,vz,vt,px,py,pz,m,q
4503599644147712,13,0,0,0,0,0,1.5172478,0.873340726,-0.73264581,0.105658367,-1
