particle_id,particle_type,process,vx,vy,vz,vt,px,py,pz,m,q
4503599644147712,13,0,0,0,0,0,-0.637120366,-9.56362247,0.111141257,0.105658367,-1
