particle_id,particle_type,process,vx,vy,vz,vt,px,py,pz,m,q
4503599644147712,13,0,0,0,0,0,-3.3874855,-4.68379879,5.3109293,0.105658367,-1
