particle_id,particle_type,process,vx,vy,vz,vt,px,py,pz,m,q
4503599644147712,13,0,0,0,0,0,-7.90888977,-3.42817116,-1.14134014,0.105658367,-1
