particle_id,particle_type,process,vx,vy,vz,vt,px,py,pz,m,q
4503599644147712,13,0,0,0,0,0,-2.39064813,-5.04172421,-0.354450226,0.105658367,-1
