particle_id,particle_type,process,vx,vy,vz,vt,px,py,pz,m,q
4503599644147712,13,0,545.337585,-872.065002,-716.595459,4.18233633,4.53447485,-6.66964722,-5.6176796,0.105658367,-1
