particle_id,particle_type,process,vx,vy,vz,vt,px,py,pz,m,q
4503599644147712,13,0,-691.299622,-761.574158,174.650146,3.48071504,-6.2827282,-7.38017368,1.64550722,0.105658367,-1
