particle_id,particle_type,process,vx,vy,vz,vt,px,py,pz,m,q
4503599644147712,13,0,-837.466919,-597.109375,-682.640808,4.12362719,-2.43391681,-2.11406803,-2.13640141,0.105658367,-1
