particle_id,particle_type,process,vx,vy,vz,vt,px,py,pz,m,q
4503599644147712,13,0,-320.354126,977.375916,1504.01428,6.07945871,-1.84041333,4.62496996,7.27414465,0.105658367,-1
