particle_id,particle_type,process,vx,vy,vz,vt,px,py,pz,m,q
4503599644147712,13,0,0,0,0,0,4.3135314,-4.24836636,-2.48935103,0.105658367,-1
