particle_id,particle_type,process,vx,vy,vz,vt,px,py,pz,m,q
4503599644147712,13,0,0,0,0,0,4.6584568,0.113896228,-3.08293819,0.105658367,-1
