particle_id,particle_type,process,vx,vy,vz,vt,px,py,pz,m,q
4503599644147712,13,0,0,0,0,0,-6.870749,-3.85584593,0.130841628,0.105658367,-1
