particle_id,particle_type,process,vx,vy,vz,vt,px,py,pz,m,q
4503599644147712,13,0,204.853912,-960.931763,3001,10.5361528,0.826079786,-2.46224332,7.91552258,0.105658367,-1
