particle_id,particle_type,process,vx,vy,vz,vt,px,py,pz,m,q
4503599644147712,13,0,0,0,0,0,-7.46051645,-3.16067052,1.61144471,0.105658367,-1
