particle_id,particle_type,process,vx,vy,vz,vt,px,py,pz,m,q
4503599644147712,13,0,0,0,0,0,-5.0793643,4.50090551,2.18474865,0.105658367,-1
