particle_id,particle_type,process,vx,vy,vz,vt,px,py,pz,m,q
4503599644147712,13,0,1024.3136,93.123764,-680.974365,4.11746883,4.60262108,0.728059232,-3.08293819,0.105658367,-1
