particle_id,particle_type,process,vx,vy,vz,vt,px,py,pz,m,q
4503599644147712,13,0,1020.10211,131.461487,660.264343,4.07836676,6.42228317,1.13854325,4.18547297,0.105658367,-1
