particle_id,particle_type,process,vx,vy,vz,vt,px,py,pz,m,q
4503599644147712,13,0,0,0,0,0,3.6329987,3.17226768,0.951369762,0.105658367,-1
