particle_id,particle_type,process,vx,vy,vz,vt,px,py,pz,m,q
4503599644147712,13,0,0,0,0,0,-1.03675032,-2.09448051,-0.713045835,0.105658367,-1
