particle_id,particle_type,process,vx,vy,vz,vt,px,py,pz,m,q
4503599644147712,13,0,-1028.453,13.2260284,-1283.20435,5.50826883,-1.40882099,-0.290255845,-1.78063381,0.105658367,-1
