particle_id,particle_type,process,vx,vy,vz,vt,px,py,pz,m,q
4503599644147712,13,0,768.607056,-683.471741,-423.084229,3.71160936,4.7233305,-3.78752089,-2.48935103,0.105658367,-1
