particle_id,particle_type,process,vx,vy,vz,vt,px,py,pz,m,q
4503599644147712,13,0,0,0,0,0,-1.23039627,-0.276691884,-0.400115341,0.105658367,-1
