particle_id,particle_type,process,vx,vy,vz,vt,px,py,pz,m,q
4503599644147712,13,0,0,0,0,0,2.27822089,2.87765551,4.28125238,0.105658367,-1
