particle_id,particle_type,process,vx,vy,vz,vt,px,py,pz,m,q
4503599644147712,13,0,-771.837097,-679.822021,-630.40094,4.03723049,-1.41794872,-1.65980661,-1.33351398,0.105658367,-1
