particle_id,particle_type,process,vx,vy,vz,vt,px,py,pz,m,q
4503599644147712,13,0,0,0,0,0,-0.196067899,0.3751221,-1.32531977,0.105658367,-1
