particle_id,particle_type,process,vx,vy,vz,vt,px,py,pz,m,q
4503599644147712,13,0,-1013.37708,175.946762,-7.35408735,3.43255997,-6.64712954,0.841141343,-0.0478893332,0.105658367,-1
