particle_id,particle_type,process,vx,vy,vz,vt,px,py,pz,m,q
4503599644147712,13,0,911.466064,476.570953,-214.093994,3.50597644,5.78603029,3.37324858,-1.39362359,0.105658367,-1
