particle_id,particle_type,process,vx,vy,vz,vt,px,py,pz,m,q
4503599644147712,13,0,443.015411,928.239075,607.912842,3.98847365,1.63828385,4.14853907,2.63414264,0.105658367,-1
