particle_id,particle_type,process,vx,vy,vz,vt,px,py,pz,m,q
4503599644147712,13,0,0,0,0,0,1.08773839,1.51410258,-3.14532685,0.105658367,-1
