particle_id,particle_type,process,vx,vy,vz,vt,px,py,pz,m,q
4503599644147712,13,0,-884.154541,525.510437,-2408.55127,8.75099754,-1.33234966,0.433200359,-3.25390911,0.105658367,-1
