particle_id,particle_type,process,vx,vy,vz,vt,px,py,pz,m,q
4503599644147712,13,0,0,0,0,0,-1.91999888,-2.50818157,1.26576018,0.105658367,-1
