particle_id,particle_type,process,vx,vy,vz,vt,px,py,pz,m,q
4503599644147712,13,0,968.162659,347.205322,-672.710938,4.10198116,4.56708288,1.96543741,-3.24985528,0.105658367,-1
