particle_id,particle_type,process,vx,vy,vz,vt,px,py,pz,m,q
4503599644147712,13,0,0,0,0,0,-3.03995466,-4.90008163,-1.11962914,0.105658367,-1
