particle_id,particle_type,process,vx,vy,vz,vt,px,py,pz,m,q
4503599644147712,13,0,-1028.16431,-27.7220325,-878.396667,4.51379585,-5.17307377,-0.447939754,-4.43185472,0.105658367,-1
