particle_id,particle_type,process,vx,vy,vz,vt,px,py,pz,m,q
4503599644147712,13,0,1003.30731,226.417557,-177.710342,3.49229765,2.46738267,0.872919321,-0.45115599,0.105658367,-1
