particle_id,particle_type,process,vx,vy,vz,vt,px,py,pz,m,q
4503599644147712,13,0,0,0,0,0,4.29770803,-1.49147797,-1.42717659,0.105658367,-1
