particle_id,particle_type,process,vx,vy,vz,vt,px,py,pz,m,q
4503599644147712,13,0,483.979919,907.553772,128.358795,3.45916915,2.78814745,5.88359404,0.812225819,0.105658367,-1
