particle_id,particle_type,process,vx,vy,vz,vt,px,py,pz,m,q
4503599644147712,13,0,0,0,0,0,9.47701263,-1.83759916,-1.19408894,0.105658367,-1
