particle_id,particle_type,process,vx,vy,vz,vt,px,py,pz,m,q
4503599644147712,13,0,975.100464,-327.214844,658.763062,4.07685852,4.67445135,-1.24336123,3.09591603,0.105658367,-1
