particle_id,particle_type,process,vx,vy,vz,vt,px,py,pz,m,q
4503599644147712,13,0,-494.711639,-901.748718,-199.798386,3.49713778,-2.49927974,-5.19670343,-1.11962914,0.105658367,-1
