particle_id,particle_type,process,vx,vy,vz,vt,px,py,pz,m,q
4503599644147712,13,0,0,0,0,0,-2.84935617,3.20973778,3.08888912,0.105658367,-1
