particle_id,particle_type,process,vx,vy,vz,vt,px,py,pz,m,q
4503599644147712,13,0,0,0,0,0,-1.01726151,0.963326097,-3.25390911,0.105658367,-1
