particle_id,particle_type,process,vx,vy,vz,vt,px,py,pz,m,q
4503599644147712,13,0,1012.66174,-180.018127,138.117599,3.46256948,8.71380043,-1.23584664,1.18160403,0.105658367,-1
