particle_id,geometry_id,tx,ty,tz,tt,tpx,tpy,tpz,te,deltapx,deltapy,deltapz,deltae,index
4503599644147712,576460889742405632,-31.8950806,1.59818268,-36.5023918,0.161799014,-4.47435284,0.214612722,-5.12014246,6.80388975,0,0,0,0,0
4503599644147712,576461027181379584,-71.2517319,3.3819313,-81.5339508,0.361404061,-4.47542238,0.191015065,-5.12014246,6.80388975,0,0,0,0,1
4503599644147712,576461164620363776,-115.391006,5.13512182,-132.025757,0.585211992,-4.47647381,0.164549828,-5.12014246,6.80388975,0,0,0,0,2
4503599644147712,576461302059337216,-172.117249,7.00457335,-196.900192,0.87277168,-4.47759438,0.130537629,-5.12014246,6.80388975,0,0,0,0,3
4503599644147712,936748859932098560,-260.314545,9.05473518,-297.739075,1.3197459,-4.47882366,0.0776558518,-5.12014246,6.80388975,0,0,0,0,4
4503599644147712,936748997371070464,-363.051239,10.1294594,-415.176208,1.84029305,-4.47946835,0.016056478,-5.12014246,6.80388975,0,0,0,0,5
4503599644147712,936749134810023424,-503.18808,9.31741714,-575.360046,2.55031729,-4.47898149,-0.0679674447,-5.12014246,6.80388975,0,0,0,0,6
4503599644147712,936749272248981504,-660.933533,5.25702381,-755.728943,3.34981322,-4.47654676,-0.162549257,-5.12014246,6.80388975,0,0,0,0,7
4503599644147712,1224979236083759360,-815.798828,-1.97598898,-932.938782,4.13530636,-4.47220993,-0.255404145,-5.12014246,6.80388975,0,0,0,0,8
