particle_id,particle_type,process,vx,vy,vz,vt,px,py,pz,m,q
4503599644147712,13,0,0,0,0,0,2.05524492,4.74777365,-7.40158987,0.105658367,-1
