particle_id,particle_type,process,vx,vy,vz,vt,px,py,pz,m,q
4503599644147712,13,0,-557.43811,-864.380249,945.451233,4.66170263,-2.8692162,-5.01803017,5.3109293,0.105658367,-1
