particle_id,particle_type,process,vx,vy,vz,vt,px,py,pz,m,q
4503599644147712,13,0,0,0,0,0,-2.41024637,1.9222548,1.81495643,0.105658367,-1
