particle_id,particle_type,process,vx,vy,vz,vt,px,py,pz,m,q
4503599644147712,13,0,0,0,0,0,7.48083067,1.94321501,2.20126128,0.105658367,-1
