particle_id,particle_type,process,vx,vy,vz,vt,px,py,pz,m,q
4503599644147712,13,0,0,0,0,0,4.66602135,-7.20821905,1.711918,0.105658367,-1
