particle_id,particle_type,process,vx,vy,vz,vt,px,py,pz,m,q
4503599644147712,13,0,-928.461365,-442.549103,-136.215088,3.46177077,-7.64354372,-3.98486257,-1.14134014,0.105658367,-1
