particle_id,particle_type,process,vx,vy,vz,vt,px,py,pz,m,q
4503599644147712,13,0,0,0,0,0,0.905799747,2.41882682,-1.17137599,0.105658367,-1
