particle_id,particle_type,process,vx,vy,vz,vt,px,py,pz,m,q
4503599644147712,13,0,-799.995361,646.450195,331.221436,3.60586238,-5.46696615,4.02124023,2.18474865,0.105658367,-1
