particle_id,particle_type,process,vx,vy,vz,vt,px,py,pz,m,q
4503599644147712,13,0,0,0,0,0,0.00822481792,-5.74618101,7.57108498,0.105658367,-1
