particle_id,geometry_id,tx,ty,tz,tt,tpx,tpy,tpz,te,deltapx,deltapy,deltapz,deltae,index
4503599644147712,576460889742403840,32.8237724,2.8782537,-54.0878754,0.211285621,3.46204209,0.313495815,-5.70628071,6.6825757,0,0,0,0,0
4503599644147712,576461027181375744,71.5304565,6.51411343,-117.905685,0.460579723,3.45986199,0.336703777,-5.70628071,6.6825757,0,0,0,0,1
4503599644147712,576461164620344064,115.242378,10.9352865,-190.026169,0.742306828,3.45721102,0.362912774,-5.70628071,6.6825757,0,0,0,0,2
4503599644147712,576461302059287808,171.952805,17.1705875,-283.679138,1.10814714,3.45347261,0.396915495,-5.70628071,6.6825757,0,0,0,0,3
4503599644147712,936748859932083456,261.239197,28.1349564,-431.347412,1.68498969,3.44689846,0.450450242,-5.70628071,6.6825757,0,0,0,0,4
4503599644147712,936748997371034880,363.011078,42.3532143,-600.033203,2.34393382,3.43837333,0.511471152,-5.70628071,6.6825757,0,0,0,0,6
4503599644147712,936748997371035136,356.742462,41.4242363,-589.630737,2.30329823,3.43893051,0.507712603,-5.70628071,6.6825757,0,0,0,0,5
4503599644147712,936749134809974016,497.9487,64.0543289,-824.388123,3.22034025,3.42536163,0.592377722,-5.70628071,6.6825757,0,0,0,0,7
4503599644147712,1152922191801627136,902.153931,148.886337,-1502.5,5.86927605,3.37449765,0.834733069,-5.70628071,6.6825757,0,0,0,0,8
