particle_id,particle_type,process,vx,vy,vz,vt,px,py,pz,m,q
4503599644147712,13,0,0,0,0,0,1.69482934,-1.988554,2.19374776,0.105658367,-1
