particle_id,particle_type,process,vx,vy,vz,vt,px,py,pz,m,q
4503599644147712,13,0,0,0,0,0,-2.21756673,-0.453909159,-1.96673548,0.105658367,-1
