particle_id,particle_type,process,vx,vy,vz,vt,px,py,pz,m,q
4503599644147712,13,0,538.469177,876.322632,-812.750061,4.37514067,2.2712636,4.28530979,-3.82988358,0.105658367,-1
