particle_id,particle_type,process,vx,vy,vz,vt,px,py,pz,m,q
4503599644147712,13,0,82.9605637,1025.18677,1068.57166,4.94964075,0.0652911812,4.62970829,4.80682802,0.105658367,-1
