particle_id,particle_type,process,vx,vy,vz,vt,px,py,pz,m,q
4503599644147712,13,0,0,0,0,0,2.66673708,-0.0998776704,2.0601902,0.105658367,-1
