particle_id,particle_type,process,vx,vy,vz,vt,px,py,pz,m,q
4503599644147712,13,0,0,0,0,0,0.249919623,-2.58507061,7.91552258,0.105658367,-1
