particle_id,particle_type,process,vx,vy,vz,vt,px,py,pz,m,q
4503599644147712,13,0,729.916626,724.646118,203.021851,3.50013661,3.19851184,3.60991454,0.951369762,0.105658367,-1
