particle_id,particle_type,process,vx,vy,vz,vt,px,py,pz,m,q
4503599644147712,13,0,1025.3811,80.5234604,795.818848,4.34610558,2.61845636,0.514925361,2.0601902,0.105658367,-1
