particle_id,particle_type,process,vx,vy,vz,vt,px,py,pz,m,q
4503599644147712,13,0,0,0,0,0,-3.79611397,-2.7811358,-4.42257214,0.105658367,-1
