particle_id,particle_type,process,vx,vy,vz,vt,px,py,pz,m,q
4503599644147712,13,0,914.11615,471.468079,377.800751,3.65645075,5.9045186,3.39228201,2.50044203,0.105658367,-1
