particle_id,particle_type,process,vx,vy,vz,vt,px,py,pz,m,q
4503599644147712,13,0,243.13353,999.388062,-467.575623,3.77879763,0.306581706,2.56460595,-1.17137599,0.105658367,-1
