particle_id,particle_type,process,vx,vy,vz,vt,px,py,pz,m,q
4503599644147712,13,0,849.198181,580.304138,262.333679,3.55817962,1.47912514,1.38423514,0.514685214,0.105658367,-1
