particle_id,particle_type,process,vx,vy,vz,vt,px,py,pz,m,q
4503599644147712,13,0,0,0,0,0,-5.18969536,0.168532073,-4.43185472,0.105658367,-1
