particle_id,particle_type,process,vx,vy,vz,vt,px,py,pz,m,q
4503599644147712,13,0,-736.31781,718.140991,740.862183,4.2314477,-3.27994275,2.76825285,3.08888912,0.105658367,-1
