{
    "version": "1.0",
    "description": "GeantSim Bethe-Heitler approximation for ATLAS",
    "n_components": 6,
    "polynomial_order": 5,
    "transform": true,
    "ranges": [
        {
            "low_x0": 0.0,
            "high_x0": 0.1,
            "components": [
                {
                    "weight_coeffs": [
                        3210109.413661271,
                        -947056.307483893,
                        108298.75911775141,
                        -6186.3554011577025,
                        201.3536110689428,
                        -8.076151498881815
                    ],
                    "mean_coeffs": [
                        450794.40999297943,
                        -106471.81055807657,
                        9013.911479950775,
                        -360.8136614182368,
                        7.0376737639960325,
                        -2.3610285047746506
                    ],
                    "var_coeffs": [
                        745862.4132943597,
                        -166341.88647165423,
                        12838.436550628834,
                        -451.20828291620853,
                        8.184252680967223,
                        -5.919753668707133
                    ]
                },
                {
                    "weight_coeffs": [
                        3588437.965335504,
                        -1053175.6617027025,
                        119346.41124479045,
                        -6706.11908050564,
                        210.95020483594095,
                        -6.556841907318448
                    ],
                    "mean_coeffs": [
                        0.0,
                        0.0,
                        0.0,
                        0.0,
                        -1.5062019624783798,
                        -0.31569307956279197
                    ],
                    "var_coeffs": [
                        0.0,
                        0.0,
                        0.0,
                        0.0,
                        -1.302769328892838,
                        -3.540048173879607
                    ]
                },
                {
                    "weight_coeffs": [
                        2315545.2602605596,
                        -718915.012551347,
                        86585.15812484066,
                        -5179.976200507691,
                        174.41315420719826,
                        -5.333493631534781
                    ],
                    "mean_coeffs": [
                        0.0,
                        0.0,
                        0.0,
                        0.0,
                        -3.611428384742085,
                        1.5982998291730415
                    ],
                    "var_coeffs": [
                        0.0,
                        0.0,
                        0.0,
                        0.0,
                        -0.9869771446066932,
                        -4.029682193833832
                    ]
                },
                {
                    "weight_coeffs": [
                        2549274.1738774744,
                        -785993.45529792,
                        93737.5917401072,
                        -5532.642387209554,
                        181.1861943829834,
                        -5.239015367760522
                    ],
                    "mean_coeffs": [
                        -310981.5304470708,
                        110072.48411865601,
                        -14280.14414119666,
                        841.0902551869625,
                        -25.97090429314137,
                        3.189231088371839
                    ],
                    "var_coeffs": [
                        -555773.3859080878,
                        131543.58085719805,
                        -11694.747055412488,
                        561.0543601681044,
                        -15.530677686084243,
                        -6.161861227058879
                    ]
                },
                {
                    "weight_coeffs": [
                        2693215.430597723,
                        -822500.5264701323,
                        96899.95969117228,
                        -5629.729477961794,
                        179.51168208697126,
                        -4.69839512372172
                    ],
                    "mean_coeffs": [
                        0.0,
                        0.0,
                        0.0,
                        0.0,
                        -5.481231722010089,
                        4.751331567114172
                    ],
                    "var_coeffs": [
                        -528365.6514466318,
                        124095.31281512717,
                        -10931.09061232172,
                        525.0925714423117,
                        -13.301367935777353,
                        -9.162162009523167
                    ]
                },
                {
                    "weight_coeffs": [
                        -2701135.9673979054,
                        821801.9307830638,
                        -96658.46665170245,
                        5622.680844970583,
                        -187.72212765456376,
                        3.8617748667187937
                    ],
                    "mean_coeffs": [
                        -520768.89316070534,
                        159496.29384340727,
                        -18999.044900140336,
                        1102.2106651944848,
                        -34.43646613641117,
                        7.437623828595616
                    ],
                    "var_coeffs": [
                        64766.725322662554,
                        -26994.99646131902,
                        2087.6601827129484,
                        76.6090494155607,
                        2.699593438953437,
                        -16.3386707952567
                    ]
                }
            ]
        },
        {
            "low_x0": 0.1,
            "high_x0": 0.2,
            "components": [
                {
                    "weight_coeffs": [
                        0.0,
                        0.0,
                        0.0,
                        0.0,
                        3.417703097271703,
                        -4.502337050974488
                    ],
                    "mean_coeffs": [
                        0.0,
                        0.0,
                        0.0,
                        0.0,
                        -3.945705296431594,
                        -2.0763454756086683
                    ],
                    "var_coeffs": [
                        0.0,
                        0.0,
                        0.0,
                        0.0,
                        -7.1457121881277,
                        -5.36289790484901
                    ]
                },
                {
                    "weight_coeffs": [
                        0.0,
                        0.0,
                        0.0,
                        0.0,
                        1.1451687460393387,
                        -2.849542529783107
                    ],
                    "mean_coeffs": [
                        0.0,
                        0.0,
                        0.0,
                        0.0,
                        -5.294811447147539,
                        -0.09818006903755519
                    ],